times(s), positions(rads)
6.825234000000000378e+03,-5.058043761607677880e-09
6.825594000000000051e+03,-5.058528707024834148e-09
6.825923999999999978e+03,-5.058974572591523611e-09
6.826413999999999760e+03,-5.059637153692619904e-09
6.826724000000000160e+03,-5.060054597549878963e-09
6.826993999999999687e+03,-5.060420527058795415e-09
6.827224000000000160e+03,-5.060729613148851058e-09
6.827474000000000160e+03,-5.061067120948337106e-09
6.827684000000000196e+03,-5.061351338042641146e-09
6.827873999999999796e+03,-5.061608909784354182e-09
6.828113999999999578e+03,-5.061932206729125028e-09
6.828463999999999942e+03,-5.062404717648405494e-09
6.828734000000000378e+03,-5.062768870800482546e-09
6.829243999999999687e+03,-5.063458097254169843e-09
6.829623999999999796e+03,-5.063969688023917115e-09
6.829913999999999760e+03,-5.064362262885424570e-09
6.830094000000000051e+03,-5.064605623772422405e-09
6.830394000000000233e+03,-5.065010633131805662e-09
6.830783999999999651e+03,-5.065536434756268136e-09
6.831173999999999978e+03,-5.066064012737570010e-09
6.831533999999999651e+03,-5.066548958154726279e-09
6.832024000000000342e+03,-5.067211539255822572e-09
6.832394000000000233e+03,-5.067712471884533443e-09
6.832753999999999905e+03,-5.068197417301689711e-09
6.833073999999999614e+03,-5.068630848370503372e-09
6.833604000000000269e+03,-5.069346720176781673e-09
6.833944000000000415e+03,-5.069805020241346938e-09
6.834224000000000160e+03,-5.070181607891299791e-09
6.834554000000000087e+03,-5.070629249814828654e-09
6.835014000000000124e+03,-5.071249198351779341e-09
6.835304000000000087e+03,-5.071639996856447397e-09
6.835793999999999869e+03,-5.072302577957543690e-09
6.836104000000000269e+03,-5.072721798171642149e-09
6.836354000000000269e+03,-5.073059305971128197e-09
6.836613999999999578e+03,-5.073409248268490046e-09
6.836984000000000378e+03,-5.073910180897200917e-09
6.837243999999999687e+03,-5.074261899551402166e-09
6.837423999999999978e+03,-5.074505260438400001e-09
6.837694000000000415e+03,-5.074867637233637652e-09
6.838033999999999651e+03,-5.075327713655042317e-09
6.838314000000000306e+03,-5.075706077661834570e-09
6.838604000000000269e+03,-5.076098652523342025e-09
6.838873999999999796e+03,-5.076461029318579676e-09
6.839243999999999687e+03,-5.076961961947290547e-09
6.839573999999999614e+03,-5.077406051157140610e-09
6.839854000000000269e+03,-5.077784415163932863e-09
6.840184000000000196e+03,-5.078232057087461726e-09
6.840543999999999869e+03,-5.078717002504617994e-09
6.840804000000000087e+03,-5.079068721158819244e-09
6.841064000000000306e+03,-5.079420439813020494e-09
6.841333999999999833e+03,-5.079782816608258145e-09
6.841604000000000269e+03,-5.080148746117174596e-09
6.841823999999999614e+03,-5.080445397709354438e-09
6.842134000000000015e+03,-5.080864617923452897e-09
6.842394000000000233e+03,-5.081214560220814747e-09
6.842673999999999978e+03,-5.081594700584446400e-09
6.842944000000000415e+03,-5.081957077379684051e-09
6.843203999999999724e+03,-5.082310572390724701e-09
6.843463999999999942e+03,-5.082660514688086550e-09
6.843684000000000196e+03,-5.082957166280266392e-09
6.843993999999999687e+03,-5.083376386494364851e-09
6.844224000000000160e+03,-5.083685472584420495e-09
6.844514000000000124e+03,-5.084078047445927950e-09
6.844833999999999833e+03,-5.084511478514741611e-09
6.845104000000000269e+03,-5.084873855309979263e-09
6.845423999999999978e+03,-5.085307286378792924e-09
6.845743999999999687e+03,-5.085738941090767185e-09
6.846014000000000124e+03,-5.086104870599683636e-09
6.846323999999999614e+03,-5.086522314456942695e-09
6.846783999999999651e+03,-5.087144039350732783e-09
6.847064000000000306e+03,-5.087520627000685636e-09
6.847344000000000051e+03,-5.087898991007477889e-09
6.847583999999999833e+03,-5.088224064309088135e-09
6.847844000000000051e+03,-5.088574006606449984e-09
6.848043999999999869e+03,-5.088844012846038822e-09
6.848314000000000306e+03,-5.089209942354955274e-09
6.848543999999999869e+03,-5.089520804801850318e-09
6.848873999999999796e+03,-5.089964894011700380e-09
6.849173999999999978e+03,-5.090369903371083637e-09
6.849434000000000196e+03,-5.090723398382124287e-09
6.849774000000000342e+03,-5.091181698446689552e-09
6.850043999999999869e+03,-5.091545851598766603e-09
6.850304000000000087e+03,-5.091897570252967853e-09
6.850573999999999614e+03,-5.092261723405044904e-09
6.850804000000000087e+03,-5.092572585851939948e-09
6.851054000000000087e+03,-5.092910093651425996e-09
6.851344000000000051e+03,-5.093302668512933451e-09
6.851613999999999578e+03,-5.093665045308171102e-09
6.851863999999999578e+03,-5.094002553107657150e-09
6.852123999999999796e+03,-5.094356048118697800e-09
6.852394000000000233e+03,-5.094718424913935451e-09
6.852644000000000233e+03,-5.095055932713421498e-09
6.852904000000000451e+03,-5.095409427724462148e-09
6.853213999999999942e+03,-5.095826871581721207e-09
6.853503999999999905e+03,-5.096219446443228662e-09
6.853793999999999869e+03,-5.096610244947896717e-09
6.854104000000000269e+03,-5.097027688805155776e-09
6.854363999999999578e+03,-5.097379407459357026e-09
6.854613999999999578e+03,-5.097718691615682474e-09
6.854884000000000015e+03,-5.098081068410920125e-09
6.855163999999999760e+03,-5.098461208774551778e-09
6.855503999999999905e+03,-5.098919508839117043e-09
6.855793999999999869e+03,-5.099312083700624498e-09
6.856173999999999978e+03,-5.099823674470371770e-09
6.856444000000000415e+03,-5.100189603979288222e-09
6.856804000000000087e+03,-5.100674549396444490e-09
6.857224000000000160e+03,-5.101242983585052571e-09
6.857514000000000124e+03,-5.101633782089720626e-09
6.857743999999999687e+03,-5.101944644536615669e-09
6.857984000000000378e+03,-5.102267941481386515e-09
6.858213999999999942e+03,-5.102578803928281559e-09
6.858453999999999724e+03,-5.102903877229891805e-09
6.858833999999999833e+03,-5.103417244356478477e-09
6.859154000000000451e+03,-5.103847122711613338e-09
6.859404000000000451e+03,-5.104184630511099385e-09
6.859613999999999578e+03,-5.104470623962242826e-09
6.859904000000000451e+03,-5.104861422466910881e-09
6.860154000000000451e+03,-5.105198930266396928e-09
6.860474000000000160e+03,-5.105630584978371189e-09
6.860713999999999942e+03,-5.105953881923142035e-09
6.860944000000000415e+03,-5.106266520726876479e-09
6.861194000000000415e+03,-5.106604028526362526e-09
6.861524000000000342e+03,-5.107049894093051989e-09
6.861804000000000087e+03,-5.107426481743004842e-09
6.862104000000000269e+03,-5.107833267459227500e-09
6.862384000000000015e+03,-5.108209855109180353e-09
6.862684000000000196e+03,-5.108614864468563610e-09
6.863014000000000124e+03,-5.109060730035253073e-09
6.863304000000000087e+03,-5.109451528539921128e-09
6.863623999999999796e+03,-5.109884959608734789e-09
6.863923999999999978e+03,-5.110289968968118046e-09
6.864184000000000196e+03,-5.110639911265479896e-09
6.864524000000000342e+03,-5.111099987686884560e-09
6.864814000000000306e+03,-5.111492562548392016e-09
6.865064000000000306e+03,-5.111828293991038663e-09
6.865293999999999869e+03,-5.112140932794773107e-09
6.865533999999999651e+03,-5.112464229739543953e-09
6.865783999999999651e+03,-5.112801737539030000e-09
6.866054000000000087e+03,-5.113165890691107052e-09
6.866323999999999614e+03,-5.113531820200023503e-09
6.866564000000000306e+03,-5.113855117144794349e-09
6.866844000000000051e+03,-5.114231704794747202e-09
6.867224000000000160e+03,-5.114745071921333874e-09
6.867493999999999687e+03,-5.115111001430250326e-09
6.867743999999999687e+03,-5.115448509229736374e-09
6.868094000000000051e+03,-5.115921020149016840e-09
6.868304000000000087e+03,-5.116203460886481480e-09
6.868533999999999651e+03,-5.116516099690215924e-09
6.868764000000000124e+03,-5.116826962137110968e-09
6.869003999999999905e+03,-5.117150259081881813e-09
6.869274000000000342e+03,-5.117514412233958865e-09
6.869503999999999905e+03,-5.117825274680853909e-09
6.869793999999999869e+03,-5.118217849542361364e-09
6.870024000000000342e+03,-5.118526935632417008e-09
6.870253999999999905e+03,-5.118837798079312051e-09
6.870484000000000378e+03,-5.119148660526207095e-09
6.870703999999999724e+03,-5.119445312118386937e-09
6.870993999999999687e+03,-5.119836110623054992e-09
6.871253999999999905e+03,-5.120189605634095642e-09
6.871474000000000160e+03,-5.120484480869436084e-09
6.871734000000000378e+03,-5.120836199523637333e-09
6.871984000000000378e+03,-5.121173707323123381e-09
6.872283999999999651e+03,-5.121580493039346038e-09
6.872543999999999869e+03,-5.121930435336707887e-09
6.872873999999999796e+03,-5.122376300903397350e-09
6.873154000000000451e+03,-5.122752888553350203e-09
6.873453999999999724e+03,-5.123159674269572861e-09
6.873684000000000196e+03,-5.123468760359628504e-09
6.873974000000000160e+03,-5.123861335221135960e-09
6.874373999999999796e+03,-5.124401347700313636e-09
6.874673999999999978e+03,-5.124806357059696893e-09
6.874963999999999942e+03,-5.125197155564364948e-09
6.875213999999999942e+03,-5.125536439720690396e-09
6.875493999999999687e+03,-5.125913027370643249e-09
6.875734000000000378e+03,-5.126238100672253495e-09
6.875953999999999724e+03,-5.126536528621272737e-09
6.876344000000000051e+03,-5.127062330245735211e-09
6.876644000000000233e+03,-5.127467339605118468e-09
6.876934000000000196e+03,-5.127859914466625924e-09
6.877253999999999905e+03,-5.128289792821760784e-09
6.877554000000000087e+03,-5.128694802181144041e-09
6.877873999999999796e+03,-5.129128233249957702e-09
6.878123999999999796e+03,-5.129465741049443750e-09
6.878503999999999905e+03,-5.129979108176030422e-09
6.878854000000000269e+03,-5.130451619095310889e-09
6.879113999999999578e+03,-5.130801561392672738e-09
6.879423999999999978e+03,-5.131222557963610598e-09
6.879743999999999687e+03,-5.131652436318745458e-09
6.880094000000000051e+03,-5.132124947238025925e-09
6.880344000000000051e+03,-5.132462455037511972e-09
6.880613999999999578e+03,-5.132828384546428424e-09
6.880863999999999578e+03,-5.133165892345914472e-09
6.881123999999999796e+03,-5.133515834643276321e-09
6.881474000000000160e+03,-5.133988345562556788e-09
6.881814000000000306e+03,-5.134448421983961452e-09
6.882144000000000233e+03,-5.134894287550650915e-09
6.882554000000000087e+03,-5.135448510884543794e-09
6.882884000000000015e+03,-5.135892600094393856e-09
6.883163999999999760e+03,-5.136270964101186109e-09
6.883613999999999578e+03,-5.136878478140260995e-09
6.883984000000000378e+03,-5.137379410768971866e-09
6.884573999999999614e+03,-5.138176994989862578e-09
6.885123999999999796e+03,-5.138917735791892483e-09
6.885373999999999796e+03,-5.139255243591378530e-09
6.885713999999999942e+03,-5.139715320012783195e-09
6.886104000000000269e+03,-5.140241121637245669e-09
6.886453999999999724e+03,-5.140713632556526136e-09
6.886774000000000342e+03,-5.141147063625339797e-09
6.887224000000000160e+03,-5.141754577664414683e-09
6.887814000000000306e+03,-5.142550385528465995e-09
6.888413999999999760e+03,-5.143360404247232509e-09
6.888703999999999724e+03,-5.143752979108739964e-09
6.889083999999999833e+03,-5.144266346235326637e-09
6.889404000000000451e+03,-5.144699777304140298e-09
6.889764000000000124e+03,-5.145184722721296566e-09
6.890073999999999614e+03,-5.145602166578555625e-09
6.890384000000000015e+03,-5.146023163149493485e-09
6.890684000000000196e+03,-5.146428172508876742e-09
6.891094000000000051e+03,-5.146980619485930220e-09
6.891453999999999724e+03,-5.147467341259925888e-09
6.891823999999999614e+03,-5.147966497531797359e-09
6.892123999999999796e+03,-5.148371506891180616e-09
6.892533999999999651e+03,-5.148925730225073494e-09
6.892884000000000015e+03,-5.149398241144353960e-09
6.893184000000000196e+03,-5.149803250503737218e-09
6.893503999999999905e+03,-5.150234905215711478e-09
6.893793999999999869e+03,-5.150625703720379533e-09
6.894104000000000269e+03,-5.151046700291317393e-09
6.894394000000000233e+03,-5.151437498795985448e-09
6.894724000000000160e+03,-5.151881588005835511e-09
6.895094000000000051e+03,-5.152382520634546381e-09
6.895474000000000160e+03,-5.152895887761133054e-09
6.895844000000000051e+03,-5.153395044033004524e-09
6.896203999999999724e+03,-5.153881765807000193e-09
6.896514000000000124e+03,-5.154299209664259251e-09
6.896904000000000451e+03,-5.154826787645561126e-09
6.897243999999999687e+03,-5.155285087710126390e-09
6.897623999999999796e+03,-5.155800231193552463e-09
6.898104000000000269e+03,-5.156448601439933555e-09
6.898474000000000160e+03,-5.156945981354965625e-09
6.898904000000000451e+03,-5.157528626398288907e-09
6.899293999999999869e+03,-5.158054428022751381e-09
6.899583999999999833e+03,-5.158447002884258836e-09
6.899873999999999796e+03,-5.158837801388926891e-09
6.900154000000000451e+03,-5.159216165395719145e-09
6.900413999999999760e+03,-5.159567884049920394e-09
6.900734000000000378e+03,-5.159997762405055255e-09
6.901083999999999833e+03,-5.160472049681175122e-09
6.901323999999999614e+03,-5.160795346625945967e-09
6.901694000000000415e+03,-5.161294502897817438e-09
6.901944000000000415e+03,-5.161632010697303485e-09
6.902423999999999978e+03,-5.162280380943684577e-09
6.902783999999999651e+03,-5.162767102717680245e-09
6.903154000000000451e+03,-5.163268035346391116e-09
6.903514000000000124e+03,-5.163752980763547384e-09
6.903783999999999651e+03,-5.164118910272463836e-09
6.904083999999999833e+03,-5.164523919631847093e-09
6.904314000000000306e+03,-5.164834782078742137e-09
6.904564000000000306e+03,-5.165172289878228185e-09
6.904844000000000051e+03,-5.165550653885020438e-09
6.905144000000000233e+03,-5.165955663244403695e-09
6.905514000000000124e+03,-5.166453043159435765e-09
6.905793999999999869e+03,-5.166833183523067419e-09
6.906024000000000342e+03,-5.167144045969962463e-09
6.906274000000000342e+03,-5.167481553769448510e-09
6.906594000000000051e+03,-5.167911432124583371e-09
6.906913999999999760e+03,-5.168344863193397032e-09
6.907184000000000196e+03,-5.168709016345474083e-09
6.907484000000000378e+03,-5.169115802061696741e-09
6.907743999999999687e+03,-5.169465744359058590e-09
6.908003999999999905e+03,-5.169815686656420439e-09
6.908304000000000087e+03,-5.170220696015803696e-09
6.908543999999999869e+03,-5.170545769317413942e-09
6.908814000000000306e+03,-5.170911698826330394e-09
6.909064000000000306e+03,-5.171249206625816441e-09
6.909373999999999796e+03,-5.171666650483075500e-09
6.909654000000000451e+03,-5.172045014489867754e-09
6.909944000000000415e+03,-5.172437589351375209e-09
6.910184000000000196e+03,-5.172760886296146055e-09
6.910503999999999905e+03,-5.173192541008120315e-09
6.910783999999999651e+03,-5.173570905014912569e-09
6.911073999999999614e+03,-5.173961703519580624e-09
6.911274000000000342e+03,-5.174231709759169462e-09
6.911514000000000124e+03,-5.174556783060779708e-09
6.911913999999999760e+03,-5.175096795539957384e-09
6.912173999999999978e+03,-5.175448514194158633e-09
6.912423999999999978e+03,-5.175786021993644681e-09
6.912783999999999651e+03,-5.176270967410800949e-09
6.913203999999999724e+03,-5.176839401599409030e-09
6.913434000000000196e+03,-5.177148487689464673e-09
6.913694000000000415e+03,-5.177501982700505323e-09
6.913963999999999942e+03,-5.177864359495742974e-09
6.914264000000000124e+03,-5.178269368855126231e-09
6.914503999999999905e+03,-5.178594442156736477e-09
6.914734000000000378e+03,-5.178905304603631521e-09
6.915014000000000124e+03,-5.179283668610423774e-09
6.915274000000000342e+03,-5.179633610907785624e-09
6.915533999999999651e+03,-5.179985329561986873e-09
6.915783999999999651e+03,-5.180322837361472921e-09
6.916113999999999578e+03,-5.180768702928162384e-09
6.916484000000000378e+03,-5.181269635556873254e-09
6.916873999999999796e+03,-5.181795437181335728e-09
6.917163999999999760e+03,-5.182188012042843184e-09
6.917453999999999724e+03,-5.182578810547511239e-09
6.917793999999999869e+03,-5.183038886968915904e-09
6.918043999999999869e+03,-5.183376394768401951e-09
6.918323999999999614e+03,-5.183752982418354804e-09
6.918583999999999833e+03,-5.184104701072556054e-09
6.918814000000000306e+03,-5.184415563519451098e-09
6.919064000000000306e+03,-5.184753071318937145e-09
6.919304000000000087e+03,-5.185078144620547391e-09
6.919604000000000269e+03,-5.185483153979930648e-09
6.919863999999999578e+03,-5.185833096277292498e-09
6.920144000000000233e+03,-5.186211460284084751e-09
6.920493999999999687e+03,-5.186683971203365218e-09
6.920884000000000015e+03,-5.187211549184667092e-09
6.921194000000000415e+03,-5.187628993041926151e-09
6.921444000000000415e+03,-5.187966500841412198e-09
6.921724000000000160e+03,-5.188344864848204452e-09
6.922003999999999905e+03,-5.188723228854996705e-09
6.922293999999999869e+03,-5.189115803716504161e-09
6.922583999999999833e+03,-5.189506602221172216e-09
6.922863999999999578e+03,-5.189883189871125069e-09
6.923104000000000269e+03,-5.190208263172735315e-09
6.923344000000000051e+03,-5.190531560117506160e-09
6.923764000000000124e+03,-5.191099994306114240e-09
6.924144000000000233e+03,-5.191613361432700913e-09
6.924533999999999651e+03,-5.192140939414002787e-09
6.924894000000000233e+03,-5.192625884831159055e-09
6.925264000000000124e+03,-5.193126817459869926e-09
6.925613999999999578e+03,-5.193599328379150393e-09
6.925923999999999978e+03,-5.194016772236409452e-09
6.926243999999999687e+03,-5.194450203305223113e-09
6.926564000000000306e+03,-5.194880081660357973e-09
6.926854000000000269e+03,-5.195272656521865429e-09
6.927154000000000451e+03,-5.195677665881248686e-09
6.927453999999999724e+03,-5.196082675240631943e-09
6.927724000000000160e+03,-5.196448604749548394e-09
6.928083999999999833e+03,-5.196933550166704663e-09
6.928583999999999833e+03,-5.197610342122516158e-09
6.928993999999999687e+03,-5.198162789099569636e-09
6.929304000000000087e+03,-5.198580232956828695e-09
6.929604000000000269e+03,-5.198985242316211952e-09
6.929934000000000196e+03,-5.199431107882901415e-09
6.930234000000000378e+03,-5.199836117242284672e-09
6.930583999999999833e+03,-5.200310404518404539e-09
6.931064000000000306e+03,-5.200956998407946230e-09
6.931533999999999651e+03,-5.201592934156451520e-09
6.931814000000000306e+03,-5.201971298163243773e-09
6.932144000000000233e+03,-5.202417163729933236e-09
6.932484000000000378e+03,-5.202875463794498501e-09
6.932863999999999578e+03,-5.203388830921085173e-09
6.933134000000000015e+03,-5.203754760430001625e-09
6.933404000000000451e+03,-5.204117137225239276e-09
6.933764000000000124e+03,-5.204605635356074345e-09
6.934144000000000233e+03,-5.205117226125821617e-09
6.934384000000000015e+03,-5.205440523070592462e-09
6.934823999999999614e+03,-5.206035602611791546e-09
6.935354000000000269e+03,-5.206751474418069847e-09
6.935734000000000378e+03,-5.207264841544656520e-09
6.936134000000000015e+03,-5.207804854023834196e-09
6.936554000000000087e+03,-5.208373288212442276e-09
6.937014000000000124e+03,-5.208993236749392963e-09
6.937543999999999869e+03,-5.209709108555671264e-09
6.937953999999999724e+03,-5.210263331889564142e-09
6.938283999999999651e+03,-5.210707421099414205e-09
6.938634000000000015e+03,-5.211179932018694672e-09
6.938984000000000378e+03,-5.211654219294814538e-09
6.939394000000000233e+03,-5.212206666271868016e-09
6.939774000000000342e+03,-5.212721809755294089e-09
6.940163999999999760e+03,-5.213247611379756563e-09
6.940503999999999905e+03,-5.213707687801161228e-09
6.940923999999999978e+03,-5.214272569276090508e-09
6.941234000000000378e+03,-5.214693565847028367e-09
6.941573999999999614e+03,-5.215151865911593632e-09
6.941884000000000015e+03,-5.215569309768852690e-09
6.942173999999999978e+03,-5.215961884630360146e-09
6.942503999999999905e+03,-5.216407750197049609e-09
6.942783999999999651e+03,-5.216786114203841862e-09
6.943144000000000233e+03,-5.217272835977837531e-09
6.943444000000000415e+03,-5.217676068980381388e-09
6.943743999999999687e+03,-5.218081078339764645e-09
6.943984000000000378e+03,-5.218406151641374890e-09
6.944264000000000124e+03,-5.218784515648167144e-09
6.944594000000000051e+03,-5.219230381214856607e-09
6.944854000000000269e+03,-5.219582099869057856e-09
6.945234000000000378e+03,-5.220095466995644529e-09
6.945554000000000087e+03,-5.220525345350779389e-09
6.945854000000000269e+03,-5.220930354710162646e-09
6.946154000000000451e+03,-5.221337140426385304e-09
6.946514000000000124e+03,-5.221823862200380972e-09
6.946904000000000451e+03,-5.222349663824843446e-09
6.947184000000000196e+03,-5.222728027831635700e-09
6.947524000000000342e+03,-5.223188104253040365e-09
6.947873999999999796e+03,-5.223660615172320831e-09
6.948194000000000415e+03,-5.224090493527455692e-09
6.948474000000000160e+03,-5.224468857534247945e-09
6.948814000000000306e+03,-5.224928933955652610e-09
6.949064000000000306e+03,-5.225266441755138658e-09
6.949344000000000051e+03,-5.225644805761930911e-09
6.949613999999999578e+03,-5.226008958914007962e-09
6.949863999999999578e+03,-5.226348243070333410e-09
6.950104000000000269e+03,-5.226671540015104256e-09
6.950463999999999942e+03,-5.227158261789099924e-09
6.950804000000000087e+03,-5.227616561853665189e-09
6.951203999999999724e+03,-5.228156574332842865e-09
6.951594000000000051e+03,-5.228682375957305339e-09
6.951913999999999760e+03,-5.229115807026119001e-09
6.952224000000000160e+03,-5.229535027240217460e-09
6.952533999999999651e+03,-5.229952471097476518e-09
6.952774000000000342e+03,-5.230275768042247364e-09
6.953003999999999905e+03,-5.230588406845981808e-09
6.953333999999999833e+03,-5.231034272412671271e-09
6.953673999999999978e+03,-5.231492572477236536e-09
6.954024000000000342e+03,-5.231965083396517002e-09
6.954413999999999760e+03,-5.232492661377818877e-09
6.954783999999999651e+03,-5.232990041292850947e-09
6.955213999999999942e+03,-5.233570909979334829e-09
6.955564000000000306e+03,-5.234043420898615295e-09
6.955993999999999687e+03,-5.234624289585099177e-09
6.956344000000000051e+03,-5.235096800504379644e-09
6.956833999999999833e+03,-5.235759381605475937e-09
6.957253999999999905e+03,-5.236326039437244617e-09
6.957564000000000306e+03,-5.236745259651343076e-09
6.957854000000000269e+03,-5.237136058156011131e-09
6.958144000000000233e+03,-5.237528633017518587e-09
6.958423999999999978e+03,-5.237906997024310840e-09
6.958774000000000342e+03,-5.238379507943591307e-09
6.959213999999999942e+03,-5.238972811127950990e-09
6.959583999999999833e+03,-5.239473743756661861e-09
6.959923999999999978e+03,-5.239933820178066526e-09
6.960234000000000378e+03,-5.240351264035325585e-09
6.960484000000000378e+03,-5.240688771834811632e-09
6.960783999999999651e+03,-5.241093781194194889e-09
6.961134000000000015e+03,-5.241568068470314756e-09
6.961623999999999796e+03,-5.242228873214571649e-09
6.962054000000000087e+03,-5.242809741901055531e-09
6.962524000000000342e+03,-5.243443901292721421e-09
6.962913999999999760e+03,-5.243969702917183895e-09
6.963293999999999869e+03,-5.244484846400609968e-09
6.963684000000000196e+03,-5.245010648025072442e-09
6.964144000000000233e+03,-5.245630596562023129e-09
6.964564000000000306e+03,-5.246199030750631209e-09
6.964844000000000051e+03,-5.246577394757423463e-09
6.965104000000000269e+03,-5.246927337054785312e-09
6.965413999999999760e+03,-5.247346557268883771e-09
6.965684000000000196e+03,-5.247712486777800223e-09
6.965934000000000196e+03,-5.248048218220446870e-09
6.966253999999999905e+03,-5.248481649289260531e-09
6.966613999999999578e+03,-5.248966594706416799e-09
6.967043999999999869e+03,-5.249549239749740082e-09
6.967344000000000051e+03,-5.249952472752283938e-09
6.967604000000000269e+03,-5.250304191406485188e-09
6.967963999999999942e+03,-5.250790913180480857e-09
6.968283999999999651e+03,-5.251222567892455118e-09
6.968594000000000051e+03,-5.251641788106553577e-09
6.968854000000000269e+03,-5.251993506760754826e-09
6.969163999999999760e+03,-5.252410950618013885e-09
6.969394000000000233e+03,-5.252721813064908929e-09
6.969654000000000451e+03,-5.253071755362270778e-09
6.969873999999999796e+03,-5.253370183311290020e-09
6.970123999999999796e+03,-5.253707691110776068e-09
6.970394000000000233e+03,-5.254073620619692520e-09
6.970684000000000196e+03,-5.254464419124360575e-09
6.971003999999999905e+03,-5.254896073836334836e-09
6.971274000000000342e+03,-5.255262003345251287e-09
6.971554000000000087e+03,-5.255638590995204140e-09
6.971804000000000087e+03,-5.255976098794690188e-09
6.972033999999999651e+03,-5.256286961241585232e-09
6.972264000000000124e+03,-5.256597823688480275e-09
6.972514000000000124e+03,-5.256935331487966323e-09
6.972793999999999869e+03,-5.257313695494758576e-09
6.973094000000000051e+03,-5.257718704854141833e-09
6.973384000000000015e+03,-5.258111279715649289e-09
6.973673999999999978e+03,-5.258502078220317344e-09
6.973923999999999978e+03,-5.258839586019803392e-09
6.974213999999999942e+03,-5.259232160881310847e-09
6.974623999999999796e+03,-5.259784607858364325e-09
6.974934000000000196e+03,-5.260203828072462784e-09
6.975323999999999614e+03,-5.260731406053764658e-09
6.975663999999999760e+03,-5.261189706118329923e-09
6.975984000000000378e+03,-5.261621360830304184e-09
6.976413999999999760e+03,-5.262202229516788066e-09
6.976764000000000124e+03,-5.262674740436068532e-09
6.977134000000000015e+03,-5.263175673064779403e-09
6.977463999999999942e+03,-5.263621538631468866e-09
6.977753999999999905e+03,-5.264012337136136921e-09
6.978253999999999905e+03,-5.264687352735109016e-09
6.978684000000000196e+03,-5.265268221421592898e-09
6.979003999999999905e+03,-5.265699876133567159e-09
6.979384000000000015e+03,-5.266213243260153831e-09
6.979694000000000415e+03,-5.266630687117412890e-09
6.980043999999999869e+03,-5.267104974393532757e-09
6.980493999999999687e+03,-5.267712488432607643e-09
6.980873999999999796e+03,-5.268225855559194315e-09
6.981283999999999651e+03,-5.268780078893087193e-09
6.981654000000000451e+03,-5.269279235164958664e-09
6.981984000000000378e+03,-5.269723324374808726e-09
6.982413999999999760e+03,-5.270304193061292608e-09
6.982734000000000378e+03,-5.270737624130106269e-09
6.983033999999999651e+03,-5.271142633489489526e-09
6.983373999999999796e+03,-5.271602709910894191e-09
6.983713999999999942e+03,-5.272061009975459456e-09
6.984064000000000306e+03,-5.272533520894739922e-09
6.984384000000000015e+03,-5.272966951963553583e-09
6.984703999999999724e+03,-5.273396830318688444e-09
6.985043999999999869e+03,-5.273856906740093109e-09
6.985384000000000015e+03,-5.274315206804658374e-09
6.985684000000000196e+03,-5.274720216164041631e-09
6.985984000000000378e+03,-5.275125225523424888e-09
6.986283999999999651e+03,-5.275532011239647545e-09
6.986663999999999760e+03,-5.276043602009394817e-09
6.986974000000000160e+03,-5.276464598580332677e-09
6.987304000000000087e+03,-5.276910464147022140e-09
6.987604000000000269e+03,-5.277315473506405397e-09
6.987894000000000233e+03,-5.277706272011073452e-09
6.988173999999999978e+03,-5.278082859661026305e-09
6.988484000000000378e+03,-5.278503856231964164e-09
6.988764000000000124e+03,-5.278880443881917017e-09
6.989033999999999651e+03,-5.279244597033994069e-09
6.989453999999999724e+03,-5.279813031222602149e-09
6.989783999999999651e+03,-5.280257120432452211e-09
6.990104000000000269e+03,-5.280690551501265873e-09
6.990474000000000160e+03,-5.281191484129976743e-09
6.990724000000000160e+03,-5.281528991929462791e-09
6.991073999999999614e+03,-5.282001502848743257e-09
6.991344000000000051e+03,-5.282363879643980908e-09
6.991644000000000233e+03,-5.282770665360203566e-09
6.991904000000000451e+03,-5.283122384014404815e-09
6.992184000000000196e+03,-5.283500748021197069e-09
6.992514000000000124e+03,-5.283944837231047131e-09
6.992854000000000269e+03,-5.284403137295612396e-09
6.993163999999999760e+03,-5.284824133866550255e-09
6.993444000000000415e+03,-5.285202497873342509e-09
6.993783999999999651e+03,-5.285660797937907773e-09
6.994163999999999760e+03,-5.286172388707655045e-09
6.994594000000000051e+03,-5.286753257394138927e-09
6.994904000000000451e+03,-5.287174253965076787e-09
6.995184000000000196e+03,-5.287550841615029640e-09
6.995573999999999614e+03,-5.288076643239492114e-09
6.995884000000000015e+03,-5.288497639810429973e-09
6.996184000000000196e+03,-5.288902649169813230e-09
6.996493999999999687e+03,-5.289320093027072289e-09
6.996774000000000342e+03,-5.289698457033864543e-09
6.997184000000000196e+03,-5.290250904010918021e-09
6.997514000000000124e+03,-5.290696769577607483e-09
6.997804000000000087e+03,-5.291089344439114939e-09
6.998094000000000051e+03,-5.291480142943782994e-09
6.998423999999999978e+03,-5.291927784867311857e-09
6.998743999999999687e+03,-5.292357663222446718e-09
6.999043999999999869e+03,-5.292764448938669375e-09
6.999333999999999833e+03,-5.293155247443337430e-09
6.999694000000000415e+03,-5.293641969217333099e-09
6.999984000000000378e+03,-5.294034544078840554e-09
7.000363999999999578e+03,-5.294547911205427226e-09
7.001054000000000087e+03,-5.295478722189272958e-09
7.001423999999999978e+03,-5.295977878461144428e-09
7.001913999999999760e+03,-5.296638683205401321e-09
7.002344000000000051e+03,-5.297219551891885203e-09
7.002703999999999724e+03,-5.297708050022720272e-09
7.003033999999999651e+03,-5.298152139232570335e-09
7.003453999999999724e+03,-5.298718797064339014e-09
7.003783999999999651e+03,-5.299166438987867878e-09
7.004094000000000051e+03,-5.299583882845126936e-09
7.004533999999999651e+03,-5.300177186029486620e-09
7.004863999999999578e+03,-5.300623051596176083e-09
7.005253999999999905e+03,-5.301150629577477957e-09
7.005694000000000415e+03,-5.301743932761837641e-09
7.006104000000000269e+03,-5.302298156095730519e-09
7.006463999999999942e+03,-5.302784877869726188e-09
7.006873999999999796e+03,-5.303337324846779666e-09
7.007203999999999724e+03,-5.303783190413469129e-09
7.007634000000000015e+03,-5.304365835456792411e-09
7.008054000000000087e+03,-5.304932493288561091e-09
7.008533999999999651e+03,-5.305579087178102782e-09
7.008934000000000196e+03,-5.306120876014119858e-09
7.009363999999999578e+03,-5.306699968343764340e-09
7.009833999999999833e+03,-5.307335904092269629e-09
7.010213999999999942e+03,-5.307849271218856302e-09
7.010524000000000342e+03,-5.308266715076115361e-09
7.010863999999999578e+03,-5.308726791497520026e-09
7.011384000000000015e+03,-5.309430228805922525e-09
7.011793999999999869e+03,-5.309982675782976003e-09
7.012123999999999796e+03,-5.310428541349665466e-09
7.012463999999999942e+03,-5.310886841414230730e-09
7.012913999999999760e+03,-5.311494355453305616e-09
7.013293999999999869e+03,-5.312007722579892288e-09
7.013613999999999578e+03,-5.312441153648705949e-09
7.014014000000000124e+03,-5.312981166127883625e-09
7.014394000000000233e+03,-5.313494533254470298e-09
7.014694000000000415e+03,-5.313899542613853555e-09
7.015033999999999651e+03,-5.314359619035258220e-09
7.015453999999999724e+03,-5.314926276867026900e-09
7.015783999999999651e+03,-5.315370366076876962e-09
7.016373999999999796e+03,-5.316167950297767675e-09
7.016764000000000124e+03,-5.316693751922230149e-09
7.017304000000000087e+03,-5.317425610940063052e-09
7.017684000000000196e+03,-5.317937201709810324e-09
7.018024000000000342e+03,-5.318395501774375589e-09
7.018304000000000087e+03,-5.318773865781167842e-09
7.018583999999999833e+03,-5.319154006144799496e-09
7.018863999999999578e+03,-5.319532370151591749e-09
7.019213999999999942e+03,-5.320004881070872216e-09
7.019594000000000051e+03,-5.320518248197458888e-09
7.020113999999999578e+03,-5.321218132792182587e-09
7.020684000000000196e+03,-5.321989071660482296e-09
7.021104000000000269e+03,-5.322557505849090376e-09
7.021463999999999942e+03,-5.323042451266246644e-09
7.021934000000000196e+03,-5.323678387014751934e-09
7.022304000000000087e+03,-5.324175766929784004e-09
7.022783999999999651e+03,-5.324824137176165095e-09
7.023274000000000342e+03,-5.325486718277261389e-09
7.023793999999999869e+03,-5.326190155585663888e-09
7.024144000000000233e+03,-5.326660890148104954e-09
7.024573999999999614e+03,-5.327243535191428236e-09
7.025014000000000124e+03,-5.327836838375787920e-09
7.025463999999999942e+03,-5.328444352414862806e-09
7.025884000000000015e+03,-5.329012786603470886e-09
7.026314000000000306e+03,-5.329593655289954768e-09
7.026644000000000233e+03,-5.330037744499804830e-09
7.027054000000000087e+03,-5.330591967833697709e-09
7.027394000000000233e+03,-5.331052044255102373e-09
7.027804000000000087e+03,-5.331604491232155851e-09
7.028104000000000269e+03,-5.332009500591539108e-09
7.028453999999999724e+03,-5.332483787867658975e-09
7.028963999999999942e+03,-5.333171237964506872e-09
7.029264000000000124e+03,-5.333576247323890129e-09
7.029554000000000087e+03,-5.333967045828558184e-09
7.029833999999999833e+03,-5.334347186192189838e-09
7.030104000000000269e+03,-5.334711339344266889e-09
7.030404000000000451e+03,-5.335116348703650146e-09
7.030694000000000415e+03,-5.335508923565157602e-09
7.031014000000000124e+03,-5.335938801920292462e-09
7.031333999999999833e+03,-5.336372232989106124e-09
7.031654000000000451e+03,-5.336803887701080384e-09
7.032014000000000124e+03,-5.337290609475076053e-09
7.032304000000000087e+03,-5.337683184336583508e-09
7.032604000000000269e+03,-5.338088193695966766e-09
7.032904000000000451e+03,-5.338491426698510622e-09
7.033194000000000415e+03,-5.338884001560018078e-09
7.033484000000000378e+03,-5.339276576421525533e-09
7.033833999999999833e+03,-5.339747310983966599e-09
7.034203999999999724e+03,-5.340248243612677470e-09
7.034533999999999651e+03,-5.340694109179366933e-09
7.034873999999999796e+03,-5.341154185600771598e-09
7.035163999999999760e+03,-5.341544984105439653e-09
7.035503999999999905e+03,-5.342003284170004918e-09
7.035724000000000160e+03,-5.342299935762184759e-09
7.035993999999999687e+03,-5.342665865271101211e-09
7.036293999999999869e+03,-5.343070874630484468e-09
7.036564000000000306e+03,-5.343435027782561519e-09
7.036814000000000306e+03,-5.343772535582047567e-09
7.037144000000000233e+03,-5.344218401148737030e-09
7.037404000000000451e+03,-5.344570119802938279e-09
7.037713999999999942e+03,-5.344989340017036739e-09
7.037984000000000378e+03,-5.345351716812274390e-09
7.038224000000000160e+03,-5.345676790113884636e-09
7.038524000000000342e+03,-5.346083575830107293e-09
7.038904000000000451e+03,-5.346595166599854565e-09
7.039243999999999687e+03,-5.347053466664419830e-09
7.039524000000000342e+03,-5.347431830671212083e-09
7.039884000000000015e+03,-5.347920328802047152e-09
7.040243999999999687e+03,-5.348405274219203420e-09
7.040533999999999651e+03,-5.348797849080710876e-09
7.040774000000000342e+03,-5.349121146025481721e-09
7.041073999999999614e+03,-5.349526155384864978e-09
7.041354000000000269e+03,-5.349904519391657232e-09
7.041623999999999796e+03,-5.350268672543734283e-09
7.041953999999999724e+03,-5.350714538110423746e-09
7.042203999999999724e+03,-5.351052045909909793e-09
7.042583999999999833e+03,-5.351565413036496466e-09
7.042833999999999833e+03,-5.351902920835982513e-09
7.043123999999999796e+03,-5.352293719340650568e-09
7.043503999999999905e+03,-5.352808862824076641e-09
7.043804000000000087e+03,-5.353212095826620498e-09
7.044134000000000015e+03,-5.353659737750149361e-09
7.044474000000000160e+03,-5.354118037814714626e-09
7.044783999999999651e+03,-5.354535481671973685e-09
7.045083999999999833e+03,-5.354940491031356942e-09
7.045394000000000233e+03,-5.355361487602294801e-09
7.045644000000000233e+03,-5.355698995401780849e-09
7.045863999999999578e+03,-5.355993870637121290e-09
7.046203999999999724e+03,-5.356453947058525955e-09
7.046484000000000378e+03,-5.356832311065318208e-09
7.046844000000000051e+03,-5.357319032839313877e-09
7.047073999999999614e+03,-5.357628118929369521e-09
7.047344000000000051e+03,-5.357994048438285972e-09
7.047613999999999578e+03,-5.358358201590363024e-09
7.047913999999999760e+03,-5.358764987306585681e-09
7.048154000000000451e+03,-5.359088284251356527e-09
7.048524000000000342e+03,-5.359587440523227997e-09
7.048863999999999578e+03,-5.360045740587793262e-09
7.049354000000000269e+03,-5.360708321688889555e-09
7.049764000000000124e+03,-5.361262545022782433e-09
7.050033999999999651e+03,-5.361626698174859484e-09
7.050293999999999869e+03,-5.361978416829060734e-09
7.050543999999999869e+03,-5.362315924628546782e-09
7.050743999999999687e+03,-5.362585930868135620e-09
7.051033999999999651e+03,-5.362978505729643075e-09
7.051283999999999651e+03,-5.363316013529129123e-09
7.051524000000000342e+03,-5.363639310473899968e-09
7.051764000000000124e+03,-5.363964383775510214e-09
7.052024000000000342e+03,-5.364314326072872063e-09
7.052264000000000124e+03,-5.364637623017642909e-09
7.052543999999999869e+03,-5.365017763381274563e-09
7.052833999999999833e+03,-5.365408561885942618e-09
7.053134000000000015e+03,-5.365813571245325875e-09
7.053444000000000415e+03,-5.366231015102584934e-09
7.053764000000000124e+03,-5.366664446171398595e-09
7.054123999999999796e+03,-5.367149391588554863e-09
7.054503999999999905e+03,-5.367662758715141536e-09
7.055224000000000160e+03,-5.368636202263132873e-09
7.055644000000000233e+03,-5.369204636451740953e-09
7.056014000000000124e+03,-5.369702016366773023e-09
7.056283999999999651e+03,-5.370067945875689475e-09
7.056623999999999796e+03,-5.370528022297094140e-09
7.056923999999999978e+03,-5.370933031656477397e-09
7.057253999999999905e+03,-5.371378897223166859e-09
7.057623999999999796e+03,-5.371876277138198930e-09
7.057873999999999796e+03,-5.372213784937684977e-09
7.058123999999999796e+03,-5.372553069094010425e-09
7.058444000000000415e+03,-5.372984723805984686e-09
7.058724000000000160e+03,-5.373363087812776939e-09
7.059043999999999869e+03,-5.373794742524751200e-09
7.059344000000000051e+03,-5.374201528240973857e-09
7.059663999999999760e+03,-5.374631406596108718e-09
7.059934000000000196e+03,-5.374997336105025170e-09
7.060234000000000378e+03,-5.375402345464408427e-09
7.060484000000000378e+03,-5.375739853263894474e-09
7.060833999999999833e+03,-5.376212364183174941e-09
7.061173999999999978e+03,-5.376670664247740206e-09
7.061533999999999651e+03,-5.377159162378575274e-09
7.061783999999999651e+03,-5.377496670178061322e-09
7.062033999999999651e+03,-5.377832401620707969e-09
7.062283999999999651e+03,-5.378169909420194017e-09
7.062543999999999869e+03,-5.378521628074395267e-09
7.062774000000000342e+03,-5.378832490521290310e-09
7.063014000000000124e+03,-5.379155787466061156e-09
7.063253999999999905e+03,-5.379480860767671402e-09
7.063533999999999651e+03,-5.379859224774463655e-09
7.063804000000000087e+03,-5.380223377926540707e-09
7.064043999999999869e+03,-5.380546674871311552e-09
7.064274000000000342e+03,-5.380857537318206596e-09
7.064543999999999869e+03,-5.381223466827123048e-09
7.064844000000000051e+03,-5.381628476186506305e-09
7.065144000000000233e+03,-5.382033485545889562e-09
7.065524000000000342e+03,-5.382546852672476234e-09
7.065783999999999651e+03,-5.382896794969838083e-09
7.066043999999999869e+03,-5.383248513624039333e-09
7.066363999999999578e+03,-5.383680168336013594e-09
7.066613999999999578e+03,-5.384017676135499642e-09
7.066823999999999614e+03,-5.384303669586643082e-09
7.067083999999999833e+03,-5.384653611884004931e-09
7.067373999999999796e+03,-5.385046186745512387e-09
7.067654000000000451e+03,-5.385424550752304640e-09
7.067963999999999942e+03,-5.385841994609563699e-09
7.068203999999999724e+03,-5.386167067911173945e-09
7.068434000000000196e+03,-5.386477930358068988e-09
7.068694000000000415e+03,-5.386827872655430838e-09
7.068974000000000160e+03,-5.387206236662223091e-09
7.069243999999999687e+03,-5.387570389814300142e-09
7.069503999999999905e+03,-5.387922108468501392e-09
7.069734000000000378e+03,-5.388231194558557036e-09
7.069993999999999687e+03,-5.388584689569597685e-09
7.070314000000000306e+03,-5.389014567924732546e-09
7.070554000000000087e+03,-5.389339641226342792e-09
7.070783999999999651e+03,-5.389650503673237836e-09
7.071064000000000306e+03,-5.390028867680030089e-09
7.071384000000000015e+03,-5.390460522392004350e-09
7.071623999999999796e+03,-5.390783819336775196e-09
7.071904000000000451e+03,-5.391162183343567449e-09
7.072253999999999905e+03,-5.391634694262847916e-09
7.072524000000000342e+03,-5.392000623771764367e-09
7.072764000000000124e+03,-5.392325697073374613e-09
7.073104000000000269e+03,-5.392783997137939878e-09
7.073434000000000196e+03,-5.393229862704629340e-09
7.073793999999999869e+03,-5.393716584478625009e-09
7.074134000000000015e+03,-5.394174884543190274e-09
7.074423999999999978e+03,-5.394567459404697729e-09
7.074724000000000160e+03,-5.394970692407241586e-09
7.074944000000000415e+03,-5.395269120356260828e-09
7.075203999999999724e+03,-5.395620839010462078e-09
7.075453999999999724e+03,-5.395956570453108725e-09
7.075703999999999724e+03,-5.396294078252594772e-09
7.075974000000000160e+03,-5.396660007761511224e-09
7.076274000000000342e+03,-5.397065017120894481e-09
7.076493999999999687e+03,-5.397361668713074323e-09
7.076793999999999869e+03,-5.397768454429296980e-09
7.077003999999999905e+03,-5.398050895166761620e-09
7.077234000000000378e+03,-5.398361757613656664e-09
7.077583999999999833e+03,-5.398834268532937131e-09
7.078003999999999905e+03,-5.399402702721545211e-09
7.078413999999999760e+03,-5.399955149698598689e-09
7.078724000000000160e+03,-5.400372593555857748e-09
7.079014000000000124e+03,-5.400765168417365203e-09
7.079243999999999687e+03,-5.401076030864260247e-09
7.079484000000000378e+03,-5.401399327809031092e-09
7.079713999999999942e+03,-5.401711966612765536e-09
7.079984000000000378e+03,-5.402074343408003188e-09
7.080213999999999942e+03,-5.402385205854898231e-09
7.080463999999999942e+03,-5.402722713654384279e-09
7.080774000000000342e+03,-5.403143710225322138e-09
7.081024000000000342e+03,-5.403481218024808186e-09
7.081243999999999687e+03,-5.403776093260148627e-09
7.081514000000000124e+03,-5.404142022769065079e-09
7.081734000000000378e+03,-5.404438674361244921e-09
7.082264000000000124e+03,-5.405154546167523222e-09
7.082573999999999614e+03,-5.405573766381621681e-09
7.082993999999999687e+03,-5.406140424213390361e-09
7.083173999999999978e+03,-5.406383785100388195e-09
7.083493999999999687e+03,-5.406817216169201856e-09
7.083884000000000015e+03,-5.407343017793664330e-09
7.084104000000000269e+03,-5.407639669385844172e-09
7.084344000000000051e+03,-5.407962966330615018e-09
7.084634000000000015e+03,-5.408355541192122473e-09
7.084873999999999796e+03,-5.408680614493732719e-09
7.085113999999999578e+03,-5.409003911438503565e-09
7.085453999999999724e+03,-5.409463987859908229e-09
7.085804000000000087e+03,-5.409934722422349296e-09
7.086213999999999942e+03,-5.410490722113081574e-09
7.086543999999999869e+03,-5.410934811322931637e-09
7.086894000000000233e+03,-5.411409098599051504e-09
7.087354000000000269e+03,-5.412029047136002191e-09
7.087703999999999724e+03,-5.412501558055282658e-09
7.087963999999999942e+03,-5.412853276709483907e-09
7.088293999999999869e+03,-5.413297365919333970e-09
7.088554000000000087e+03,-5.413650860930374620e-09
7.088913999999999760e+03,-5.414135806347530888e-09
7.089234000000000378e+03,-5.414569237416344549e-09
7.089554000000000087e+03,-5.414999115771479410e-09
7.089863999999999578e+03,-5.415420112342417269e-09
7.090293999999999869e+03,-5.416000981028901151e-09
7.090663999999999760e+03,-5.416498360943933221e-09
7.090944000000000415e+03,-5.416878501307564875e-09
7.091194000000000415e+03,-5.417214232750211522e-09
7.091434000000000196e+03,-5.417539306051821768e-09
7.091654000000000451e+03,-5.417837734000841010e-09
7.091894000000000233e+03,-5.418159254588772455e-09
7.092203999999999724e+03,-5.418580251159710315e-09
7.092484000000000378e+03,-5.418958615166502568e-09
7.092743999999999687e+03,-5.419308557463864418e-09
7.092974000000000160e+03,-5.419619419910759461e-09
7.093203999999999724e+03,-5.419928506000815105e-09
7.093434000000000196e+03,-5.420239368447710149e-09
7.093743999999999687e+03,-5.420660365018648008e-09
7.094033999999999651e+03,-5.421051163523316063e-09
7.094333999999999833e+03,-5.421456172882699320e-09
7.094634000000000015e+03,-5.421861182242082577e-09
7.095003999999999905e+03,-5.422360338513954048e-09
7.095274000000000342e+03,-5.422724491666031099e-09
7.095613999999999578e+03,-5.423184568087435764e-09
7.095953999999999724e+03,-5.423642868152001029e-09
7.096213999999999942e+03,-5.423994586806202278e-09
7.096524000000000342e+03,-5.424413807020300737e-09
7.096823999999999614e+03,-5.424818816379683994e-09
7.097134000000000015e+03,-5.425236260236943053e-09
7.097434000000000196e+03,-5.425643045953165711e-09
7.097663999999999760e+03,-5.425952132043221354e-09
7.097854000000000269e+03,-5.426209703784934391e-09
7.098094000000000051e+03,-5.426533000729705236e-09
